school,city,county,area,city_population,enrollment,classification,private,naming_type,mascot,conference,status
St. Francis Catholic,Los Robles,Marlow,Ashbury Metro,150000,1653,4A,False,namesake,Navigators,Ashbury City Conference,new
Dolores Huerta,Los Robles,Marlow,Ashbury Metro,150000,2465,6A,False,namesake,Railers,Ashbury City Conference,new
Los Robles,Los Robles,Marlow,Ashbury Metro,150000,1646,4A,False,city flagship,Titans,Ashbury City Conference,new
Los Robles Classical School,Los Robles,Marlow,Ashbury Metro,150000,1214,3A,True,private/independent,Foxes,Ashbury City Conference,new
Westover,Los Robles,Marlow,Ashbury Metro,150000,2116,5A,False,district/neighborhood,Vikings,Ashbury City Conference,new
Winifred Davenport,Los Robles,Marlow,Ashbury Metro,150000,1706,4A,False,namesake,Eagles,Ashbury City Conference,new
Elias Mercier,Loomis City,Camas,Ashbury Metro,77668,1398,3A,False,namesake,Timberwolves,Civic League,new
William Howard Taft,Mount Horeb,Marlow,Ashbury Metro,65000,1195,3A,False,namesake,Railers,Civic League,new
Sonia Sotomayor,Mount Horeb,Marlow,Ashbury Metro,65000,1196,3A,False,namesake,Trojans,Civic League,new
Mount Horeb,Mount Horeb,Marlow,Ashbury Metro,65000,1057,3A,False,city flagship,Mustangs,Civic League,new
Mount Horeb Academy of Arts and Letters,Mount Horeb,Marlow,Ashbury Metro,65000,1232,3A,False,magnet/technical,Ravens,Civic League,new
Rye North,Rye,Marlow,Ashbury Metro,63507,1246,3A,False,magnet/technical,Foxes,Civic League,new
Teresa Escobedo,Rye,Marlow,Ashbury Metro,63507,1040,3A,False,namesake,Lancers,Civic League,new
Jean Weiss,Tindall,Camas,Ashbury Metro,60036,1075,3A,False,namesake,Lancers,Civic League,new
Renata Dahl,Tindall,Camas,Ashbury Metro,60036,1086,3A,False,namesake,Railers,Civic League,new
Boyerstown,Boyerstown,Marlow,Ashbury Metro,220000,2804,7A,False,city flagship,Marlins,Commonwealth League,new
Eastgate,Boyerstown,Marlow,Ashbury Metro,220000,3056,7A,False,district/neighborhood,Knights,Commonwealth League,new
Leonard Coleman,Boyerstown,Marlow,Ashbury Metro,220000,2044,5A,False,namesake,Steelheads,Commonwealth League,new
Octavia Butler,Boyerstown,Marlow,Ashbury Metro,220000,2475,6A,False,namesake,Pioneers,Commonwealth League,new
Opal Stokes,Boyerstown,Marlow,Ashbury Metro,220000,3192,7A,False,namesake,Marlins,Commonwealth League,new
Notre Dame,Boyerstown,Marlow,Ashbury Metro,220000,2270,6A,False,namesake,Mavericks,Commonwealth League,new
Beatrice Davenport,Fort Rogue,Marlow,Ashbury Metro,45000,1153,3A,False,namesake,Trojans,Jefferson Capital Conference,new
Fort Rogue,Fort Rogue,Marlow,Ashbury Metro,45000,1203,3A,False,city flagship,Hawks,Jefferson Capital Conference,new
Isabel Ibarra,Fort Rogue,Marlow,Ashbury Metro,45000,884,2A,False,namesake,Eagles,Jefferson Capital Conference,new
Althea Freeman,Los Alisos,Marlow,Ashbury Metro,40000,799,2A,False,namesake,Bison,Jefferson Capital Conference,new
Los Alisos,Los Alisos,Marlow,Ashbury Metro,40000,908,2A,False,city flagship,Panthers,Jefferson Capital Conference,new
Yuri Kochiyama,Los Alisos,Marlow,Ashbury Metro,40000,1173,3A,False,namesake,Firebirds,Jefferson Capital Conference,new
Ida B. Wells,San Joaquín,Marlow,Ashbury Metro,50000,1071,3A,False,namesake,Engineers,Jefferson Capital Conference,new
Naomi Ward,San Joaquín,Marlow,Ashbury Metro,50000,1463,4A,False,namesake,Jaguars,Jefferson Capital Conference,new
San Joaquín,San Joaquín,Marlow,Ashbury Metro,50000,1066,3A,False,city flagship,Panthers,Jefferson Capital Conference,new
Ansotegui Siding North,Ansotegui Siding,Camas,Ashbury Metro,102422,1844,5A,False,district/neighborhood,Pilots,Metropolitan Athletic Conference,new
Copper Lake Academy of Music and Media,Copper Lake,Camas,Ashbury Metro,115495,2079,5A,False,magnet/technical,Pilots,Metropolitan Athletic Conference,new
Hawk Lake Eastgate,Hawk Lake,Camas,Ashbury Metro,86000,1548,4A,False,district/neighborhood,Timberwolves,Metropolitan Athletic Conference,new
Grace Lee Boggs,Norview,Marlow,Ashbury Metro,93588,1408,4A,False,namesake,Railers,Metropolitan Athletic Conference,new
Lillian Williams,Norview,Marlow,Ashbury Metro,93588,1961,5A,False,namesake,Vikings,Metropolitan Athletic Conference,new
James Baldwin,Perryville,Marlow,Ashbury Metro,90000,1951,5A,False,namesake,Jaguars,Metropolitan Athletic Conference,new
Perryville,Perryville,Marlow,Ashbury Metro,90000,1587,4A,False,city flagship,Timberwolves,Metropolitan Athletic Conference,new
Perryville Civic Leadership Academy,Perryville,Marlow,Ashbury Metro,90000,1342,3A,False,magnet/technical,Firebirds,Metropolitan Athletic Conference,new
Petra Bianchi,Perryville,Marlow,Ashbury Metro,90000,1600,4A,False,namesake,Trojans,Metropolitan Athletic Conference,new
Commonwealth,St. Varian,Marlow,Ashbury Metro,120000,1638,4A,False,district/neighborhood,Firebirds,Rose Valley League,new
Gabriel Montoya,St. Varian,Marlow,Ashbury Metro,120000,1203,3A,False,namesake,Comets,Rose Valley League,new
Lars Jansen,St. Varian,Marlow,Ashbury Metro,120000,1626,4A,False,namesake,Jaguars,Rose Valley League,new
St. Catherine Academy,St. Varian,Marlow,Ashbury Metro,120000,1296,3A,False,namesake,Timberwolves,Rose Valley League,new
John Quincy Adams,St. Varian,Marlow,Ashbury Metro,120000,1400,4A,False,namesake,Engineers,Rose Valley League,new
St. Varian,St. Varian,Marlow,Ashbury Metro,120000,1477,4A,False,city flagship,Marlins,Rose Valley League,new
Belden Springs,Belden Springs,Camas,Ashbury Metro,15000,522,1A,False,city flagship,Timberwolves,Westside League,new
Belden Springs Academy of Music and Media,Belden Springs,Camas,Ashbury Metro,15000,558,1A,False,magnet/technical,Bears,Westside League,new
Haverly,Haverly,Camas,Ashbury Metro,18000,631,1A,False,city flagship,Trojans,Westside League,new
Katherine Johnson,Haverly,Camas,Ashbury Metro,18000,665,2A,False,namesake,Engineers,Westside League,new
Purcell School of Commerce,Purcell,Marlow,Ashbury Metro,39905,1195,3A,False,magnet/technical,Foxes,Westside League,new
Willa Brown,Purcell,Marlow,Ashbury Metro,39905,721,2A,False,namesake,Stags,Westside League,new
Quillan,Quillan,Camas,Ashbury Metro,12000,473,1A,False,city flagship,Miners,Westside League,new
Quillan Technical Arts Academy,Quillan,Camas,Ashbury Metro,12000,391,1A,False,magnet/technical,Timberwolves,Westside League,new
San Lorenzo,San Lorenzo,Marlow,Ashbury Metro,10000,720,2A,False,city flagship,Vikings,Westside League,new
Selbyville Manufacturing and Technology Academy,Selbyville,Camas,Ashbury Metro,26379,950,2A,False,magnet/technical,Eagles,Westside League,new
Celia Browne,Fort Carden,Tamarack,Cascade Divide,200000,2028,5A,False,namesake,Vikings,Cascade Metro League,new
Eleanor Cole,Fort Carden,Tamarack,Cascade Divide,200000,1884,5A,False,namesake,Pioneers,Cascade Metro League,new
Fort Carden,Fort Carden,Tamarack,Cascade Divide,200000,2170,5A,False,city flagship,Pelicans,Cascade Metro League,new
Snowline,Fort Carden,Tamarack,Cascade Divide,200000,2396,6A,False,district/neighborhood,Comets,Cascade Metro League,new
Timber Crest,Fort Carden,Tamarack,Cascade Divide,200000,2804,7A,False,district/neighborhood,Spartans,Cascade Metro League,new
Winifred Booker,Fort Carden,Tamarack,Cascade Divide,200000,3118,7A,False,namesake,Lancers,Cascade Metro League,new
Annie Springs Crater View,Annie Springs,Cinder,Cascade Divide,24420,879,2A,False,district/neighborhood,Eagles,High Lakes League,new
Crater View,Dahlberg Summit,Tamarack,Cascade Divide,40000,1036,3A,False,district/neighborhood,Mustangs,High Lakes League,new
Dahlberg Summit,Dahlberg Summit,Tamarack,Cascade Divide,40000,914,2A,False,city flagship,Vikings,High Lakes League,new
Dahlberg Summit Science,Dahlberg Summit,Tamarack,Cascade Divide,40000,931,2A,False,magnet/technical,Titans,High Lakes League,new
Klamoya,Klamoya,Tamarack,Cascade Divide,25000,1069,3A,False,city flagship,Comets,High Lakes League,new
St. Sophia,Klamoya,Tamarack,Cascade Divide,25000,731,2A,True,private/independent,Hawks,High Lakes League,new
New Leiden Classical Academy,New Leiden,Tamarack,Cascade Divide,35738,858,2A,False,magnet/technical,Coyotes,High Lakes League,new
John Lewis,Novak,Tamarack,Cascade Divide,30000,636,1A,False,namesake,Engineers,High Lakes League,new
Novak,Novak,Tamarack,Cascade Divide,30000,806,2A,False,city flagship,Loggers,High Lakes League,new
Soren Ekström,Novak,Tamarack,Cascade Divide,30000,718,2A,False,namesake,Mustangs,High Lakes League,new
Mila Melnick,Orlova,Tamarack,Cascade Divide,50000,1406,4A,False,namesake,Coyotes,High Lakes League,new
Mountain Gate,Orlova,Tamarack,Cascade Divide,50000,1019,3A,False,district/neighborhood,Bears,High Lakes League,new
Orlova,Orlova,Tamarack,Cascade Divide,50000,1175,3A,False,city flagship,Bears,High Lakes League,new
Anya Antonov,San Cordero,Tamarack,Cascade Divide,380000,2276,6A,False,namesake,Eagles,Summit Conference,new
Gwendolyn Brooks,San Cordero,Tamarack,Cascade Divide,380000,3573,7A,False,namesake,Navigators,Summit Conference,new
Igor Lebedev,San Cordero,Tamarack,Cascade Divide,380000,3171,7A,False,namesake,Bears,Summit Conference,new
Ruby Stokes,San Cordero,Tamarack,Cascade Divide,380000,3596,7A,False,namesake,Panthers,Summit Conference,new
San Cordero,San Cordero,Tamarack,Cascade Divide,380000,2680,7A,False,city flagship,Marlins,Summit Conference,new
San Cordero North,San Cordero,Tamarack,Cascade Divide,380000,3025,7A,False,magnet/technical,Vikings,Summit Conference,new
San Cordero South,San Cordero,Tamarack,Cascade Divide,380000,2347,6A,False,magnet/technical,Comets,Summit Conference,new
St. Genevieve San Cordero,San Cordero,Tamarack,Cascade Divide,380000,1544,4A,True,private/independent,Wolves,Summit Conference,new
Svenja Bianchi,San Cordero,Tamarack,Cascade Divide,380000,2443,6A,False,namesake,Wolves,Summit Conference,new
Thurgood Marshall,San Cordero,Tamarack,Cascade Divide,380000,2703,7A,False,namesake,Wolves,Summit Conference,new
Bancroft,Bancroft,Ferris,Gold Valley,18000,647,1A,False,city flagship,Loggers,Barclay Civic Conference,new
Sofía Barragán,Bancroft,Ferris,Gold Valley,18000,649,1A,False,namesake,Vikings,Barclay Civic Conference,new
Mary McLeod Bethune,Barclay,Ferris,Gold Valley,55000,1565,4A,False,namesake,Foxes,Barclay Civic Conference,new
Eleanor Tillman,Las Norias,Ferris,Gold Valley,45000,1031,3A,False,namesake,Condors,Barclay Civic Conference,new
Las Norias,Las Norias,Ferris,Gold Valley,45000,1198,3A,False,city flagship,Railers,Barclay Civic Conference,new
Las Norias East,Las Norias,Ferris,Gold Valley,45000,1011,3A,False,district/neighborhood,Bison,Barclay Civic Conference,new
Naomi Moss,San Tomás,Ferris,Gold Valley,50000,1255,3A,False,namesake,Pioneers,Barclay Civic Conference,new
San Tomás,San Tomás,Ferris,Gold Valley,50000,1038,3A,False,city flagship,Engineers,Barclay Civic Conference,new
Xavier Robles,San Tomás,Ferris,Gold Valley,50000,1308,3A,False,namesake,Eagles,Barclay Civic Conference,new
Bellacosta Foundry High,Bellacosta,Ferris,Gold Valley,80000,1773,4A,False,district/neighborhood,Lancers,Bellacosta Heritage Athletic Association,new
Bellacosta University Prep,Bellacosta,Ferris,Gold Valley,80000,1004,3A,True,private/independent,Mavericks,Bellacosta Heritage Athletic Association,new
De La Salle,Bellacosta,Ferris,Gold Valley,80000,1235,3A,False,namesake,Comets,Bellacosta Heritage Athletic Association,new
Fellows Mill,Fellows Mill,Sablewood,Gold Valley,60000,1052,3A,False,city flagship,Miners,Bellacosta Heritage Athletic Association,new
Fellows Mill Civic Leadership Academy,Fellows Mill,Sablewood,Gold Valley,60000,1090,3A,False,magnet/technical,Trojans,Bellacosta Heritage Athletic Association,new
Gagarin,Gagarin,Sablewood,Gold Valley,70000,1102,3A,False,city flagship,Timberwolves,Bellacosta Heritage Athletic Association,new
Gagarin East,Gagarin,Sablewood,Gold Valley,70000,1370,3A,False,magnet/technical,Condors,Bellacosta Heritage Athletic Association,new
Siskiyou Valley,Gagarin,Sablewood,Gold Valley,70000,1099,3A,False,district/neighborhood,Pilots,Bellacosta Heritage Athletic Association,new
Providence Catholic,Gagarin,Sablewood,Gold Valley,70000,1469,4A,False,namesake,Titans,Bellacosta Heritage Athletic Association,new
Barclay,Barclay,Ferris,Gold Valley,55000,1025,3A,False,city flagship,Coyotes,Fellows Mill Pioneer League,new
Barclay Golden Gate,Barclay,Ferris,Gold Valley,55000,1369,3A,False,district/neighborhood,Miners,Fellows Mill Pioneer League,new
Fellows Mill South,Fellows Mill,Sablewood,Gold Valley,60000,971,2A,False,magnet/technical,Miners,Fellows Mill Pioneer League,new
Katherine Davenport,Fellows Mill,Sablewood,Gold Valley,60000,1207,3A,False,namesake,Spartans,Fellows Mill Pioneer League,new
Leidesdorff Academy of Music and Media,Leidesdorff,Sablewood,Gold Valley,56304,1351,3A,False,magnet/technical,Trojans,Fellows Mill Pioneer League,new
Claudette Freeman,Monte Blanco,Ferris,Gold Valley,60000,965,2A,False,namesake,Grizzlies,Fellows Mill Pioneer League,new
Monte Blanco,Monte Blanco,Ferris,Gold Valley,60000,937,2A,False,city flagship,Stags,Fellows Mill Pioneer League,new
Monte Blanco Health Sciences Academy,Monte Blanco,Ferris,Gold Valley,60000,1189,3A,False,magnet/technical,Hawks,Fellows Mill Pioneer League,new
Oscar Micheaux,Monte Blanco,Ferris,Gold Valley,60000,1229,3A,False,namesake,Pelicans,Fellows Mill Pioneer League,new
Golden Gate,Montelago,Ferris,Gold Valley,250000,1896,5A,False,district/neighborhood,Firebirds,Foundry League,new
Isaiah Price,Montelago,Ferris,Gold Valley,250000,1718,4A,False,namesake,Eagles,Foundry League,new
Lars Bellini,Montelago,Ferris,Gold Valley,250000,2382,6A,False,namesake,Falcons,Foundry League,new
Matteo Dahl,Montelago,Ferris,Gold Valley,250000,1796,4A,False,namesake,Mavericks,Foundry League,new
Montelago,Montelago,Ferris,Gold Valley,250000,2035,5A,False,city flagship,Ravens,Foundry League,new
Montelago South,Montelago,Ferris,Gold Valley,250000,1662,4A,False,magnet/technical,Engineers,Foundry League,new
Rafael Escobedo,Montelago,Ferris,Gold Valley,250000,2072,5A,False,namesake,Trojans,Foundry League,new
St. Agnes Preparatory,Montelago,Ferris,Gold Valley,250000,1137,3A,True,private/independent,Jaguars,Foundry League,new
St. Helena Academy,Montelago,Ferris,Gold Valley,250000,1233,3A,True,private/independent,Panthers,Foundry League,new
Thomas Ekström,Montelago,Ferris,Gold Valley,250000,2070,5A,False,namesake,Condors,Foundry League,new
Lyndon B. Johnson,Mercer City,Ferris,Gold Valley,280000,2365,6A,False,namesake,Foxes,Golden State Conference,new
Jesuit,Mercer City,Ferris,Gold Valley,280000,2474,6A,False,namesake,Steelheads,Golden State Conference,new
Xavier College Prep,Mercer City,Ferris,Gold Valley,280000,1769,4A,False,namesake,Steelheads,Golden State Conference,new
Lillian Stokes,Mercer City,Ferris,Gold Valley,280000,1952,5A,False,namesake,Pilots,Golden State Conference,new
Mercer City,Mercer City,Ferris,Gold Valley,280000,1747,4A,False,city flagship,Grizzlies,Golden State Conference,new
Mercer City School of Design and Engineering,Mercer City,Ferris,Gold Valley,280000,1831,5A,False,magnet/technical,Stags,Golden State Conference,new
Mercer City North,Mercer City,Ferris,Gold Valley,280000,2319,6A,False,magnet/technical,Mustangs,Golden State Conference,new
Petra Jansen,Mercer City,Ferris,Gold Valley,280000,2320,6A,False,namesake,Titans,Golden State Conference,new
St. Olga College Prep,Mercer City,Ferris,Gold Valley,280000,1312,3A,True,private/independent,Loggers,Golden State Conference,new
Thomas Halvorsen,Mercer City,Ferris,Gold Valley,280000,2072,5A,False,namesake,Navigators,Golden State Conference,new
Lillian Price,Moriarty,Ferris,Gold Valley,150000,2069,5A,False,namesake,Grizzlies,Mission Valley Athletic Conference,new
Moriarty Heights,Moriarty,Ferris,Gold Valley,150000,1568,4A,False,namesake,Foxes,Mission Valley Athletic Conference,new
Moriarty,Moriarty,Ferris,Gold Valley,150000,1559,4A,False,city flagship,Eagles,Mission Valley Athletic Conference,new
Moriarty West,Moriarty,Ferris,Gold Valley,150000,1595,4A,False,district/neighborhood,Hawks,Mission Valley Athletic Conference,new
Ruby Mercer,Moriarty,Ferris,Gold Valley,150000,1797,4A,False,namesake,Bears,Mission Valley Athletic Conference,new
Vineyard High,Moriarty,Ferris,Gold Valley,150000,2213,6A,False,district/neighborhood,Trojans,Mission Valley Athletic Conference,new
Foundry High,Lake Esperanza,Ferris,Gold Valley,220000,2593,6A,False,district/neighborhood,Timberwolves,Orchard League,new
Gabriel Zúñiga,Lake Esperanza,Ferris,Gold Valley,220000,1919,5A,False,namesake,Bears,Orchard League,new
Lake Esperanza,Lake Esperanza,Ferris,Gold Valley,220000,2751,7A,False,city flagship,Hawks,Orchard League,new
Lake Esperanza North,Lake Esperanza,Ferris,Gold Valley,220000,2949,7A,False,magnet/technical,Engineers,Orchard League,new
Marcus Price,Lake Esperanza,Ferris,Gold Valley,220000,2754,7A,False,namesake,Marlins,Orchard League,new
Thomas Jansen,Lake Esperanza,Ferris,Gold Valley,220000,2874,7A,False,namesake,Marlins,Orchard League,new
Carmen Valera,Valderra,Ferris,Gold Valley,520000,2583,6A,False,namesake,Coyotes,Sacramento Headwaters Conference,new
Greta Adler,Valderra,Ferris,Gold Valley,520000,3066,7A,False,namesake,Trojans,Sacramento Headwaters Conference,new
Orchard Hill,Valderra,Ferris,Gold Valley,520000,2362,6A,False,district/neighborhood,Pilots,Sacramento Headwaters Conference,new
Rita Moreno,Valderra,Ferris,Gold Valley,520000,2698,7A,False,namesake,Grizzlies,Sacramento Headwaters Conference,new
Thelma Moss,Valderra,Ferris,Gold Valley,520000,3064,7A,False,namesake,Timberwolves,Sacramento Headwaters Conference,new
Valley Forge,Valderra,Ferris,Gold Valley,520000,2704,7A,False,district/neighborhood,Railers,Sacramento Headwaters Conference,new
Bellacosta,Bellacosta,Ferris,Gold Valley,80000,1748,4A,False,city flagship,Navigators,San Telmo Union Conference,new
Harold Calder,San Telmo,Ferris,Gold Valley,90000,1596,4A,False,namesake,Marlins,San Telmo Union Conference,new
San Telmo,San Telmo,Ferris,Gold Valley,90000,1548,4A,False,city flagship,Lancers,San Telmo Union Conference,new
San Telmo Agricultural Sciences Academy,San Telmo,Ferris,Gold Valley,90000,1697,4A,False,magnet/technical,Grizzlies,San Telmo Union Conference,new
Walter Langston,San Telmo,Ferris,Gold Valley,90000,1639,4A,False,namesake,Sentinels,San Telmo Union Conference,new
Evelyn Langston,Vespertine,Sablewood,Gold Valley,85000,1413,4A,False,namesake,Sentinels,San Telmo Union Conference,new
Cascade Christian,Vespertine,Sablewood,Gold Valley,85000,1380,3A,False,namesake,Timberwolves,San Telmo Union Conference,new
Vespertine Heights,Vespertine,Sablewood,Gold Valley,85000,1520,4A,False,namesake,Bears,San Telmo Union Conference,new
Vespertine,Vespertine,Sablewood,Gold Valley,85000,1806,5A,False,city flagship,Pelicans,San Telmo Union Conference,new
Abbey Vale,Abbey Vale,Ferris,Gold Valley,12000,434,1A,False,city flagship,Pelicans,Silver Glen Industrial Athletic Association,new
Abbey Vale Orchard Hill,Abbey Vale,Ferris,Gold Valley,12000,430,1A,False,district/neighborhood,Engineers,Silver Glen Industrial Athletic Association,new
Benedetti,Benedetti,Sablewood,Gold Valley,15000,453,1A,False,city flagship,Sentinels,Silver Glen Industrial Athletic Association,new
Benedetti Orchard Hill,Benedetti,Sablewood,Gold Valley,15000,627,1A,False,district/neighborhood,Knights,Silver Glen Industrial Athletic Association,new
Pope Francis,Elk Crossing,Ferris,Gold Valley,15783,568,1A,False,namesake,Firebirds,Silver Glen Industrial Athletic Association,new
McCrory,McCrory,Sablewood,Gold Valley,12000,397,1A,False,city flagship,Loggers,Silver Glen Industrial Athletic Association,new
Tomás Marín,McCrory,Sablewood,Gold Valley,12000,467,1A,False,namesake,Timberwolves,Silver Glen Industrial Athletic Association,new
Pasquale,Pasquale,Sablewood,Gold Valley,10000,720,2A,False,city flagship,Condors,Silver Glen Industrial Athletic Association,new
Porterfield,Porterfield,Sablewood,Gold Valley,10000,720,2A,False,city flagship,Falcons,Silver Glen Industrial Athletic Association,new
Greta Bellini,Silver Glen,Ferris,Gold Valley,17717,638,1A,False,namesake,Engineers,Silver Glen Industrial Athletic Association,new
St. Elian,St. Elian,Ferris,Gold Valley,6000,432,1A,False,city flagship,Pioneers,Silver Glen Industrial Athletic Association,new
Velasco,Velasco,Ferris,Gold Valley,8000,576,1A,False,city flagship,Jaguars,Silver Glen Industrial Athletic Association,new
Mission Ridge,Villard,Ferris,Gold Valley,15000,610,1A,False,district/neighborhood,Mavericks,Silver Glen Industrial Athletic Association,new
Villard,Villard,Ferris,Gold Valley,15000,470,1A,False,city flagship,Marlins,Silver Glen Industrial Athletic Association,new
Cortland,Cortland,Ferris,Gold Valley,190000,2606,7A,False,city flagship,Trojans,Valley Metro Conference,new
Cortland North,Cortland,Ferris,Gold Valley,190000,2715,7A,False,magnet/technical,Pelicans,Valley Metro Conference,new
Harry S. Truman,Cortland,Ferris,Gold Valley,190000,2729,7A,False,district/neighborhood,Coyotes,Valley Metro Conference,new
Nathaniel Ward,Cortland,Ferris,Gold Valley,190000,1715,4A,False,namesake,Mavericks,Valley Metro Conference,new
Oskar Weiss,Cortland,Ferris,Gold Valley,190000,1955,5A,False,namesake,Pioneers,Valley Metro Conference,new
Svenja Ekström,Cortland,Ferris,Gold Valley,190000,1961,5A,False,namesake,Bison,Valley Metro Conference,new
Valderra Heights,Valderra,Ferris,Gold Valley,520000,2206,6A,False,namesake,Pelicans,Vineyard League,new
Jean Lindgren,Valderra,Ferris,Gold Valley,520000,2727,7A,False,namesake,Jaguars,Vineyard League,new
Lars Mercier,Valderra,Ferris,Gold Valley,520000,2394,6A,False,namesake,Firebirds,Vineyard League,new
Petra Weiss,Valderra,Ferris,Gold Valley,520000,3189,7A,False,namesake,Firebirds,Vineyard League,new
St. Gabriel Preparatory,Valderra,Ferris,Gold Valley,520000,1461,4A,True,private/independent,Steelheads,Vineyard League,new
Valderra,Valderra,Ferris,Gold Valley,520000,1980,5A,False,city flagship,Eagles,Vineyard League,new
Valderra North,Valderra,Ferris,Gold Valley,520000,2370,6A,False,magnet/technical,Bison,Vineyard League,new
Dwight Eisenhower,Valderra,Ferris,Gold Valley,520000,2144,5A,False,magnet/technical,Coyotes,Vineyard League,new
Winifred Browne,Valderra,Ferris,Gold Valley,520000,2492,6A,False,namesake,Mustangs,Vineyard League,new
Jon Arrieta,Arrieta,Halbrook,Halbrook Basin,80000,1147,3A,False,namesake,Coyotes,Arrieta Intercity Conference,new
Bishop Valera,Arrieta,Halbrook,Halbrook Basin,80000,1752,4A,False,namesake,Pilots,Arrieta Intercity Conference,new
Harold Whitaker,Etchartville,Vance,Halbrook Basin,72741,1142,3A,False,namesake,Mavericks,Arrieta Intercity Conference,new
Sadie Freeman,Etchartville,Vance,Halbrook Basin,72741,1476,4A,False,namesake,Mavericks,Arrieta Intercity Conference,new
Greaves,Greaves,Vance,Halbrook Basin,80000,1564,4A,False,city flagship,Knights,Arrieta Intercity Conference,new
Greaves Aviation and Engineering Academy,Greaves,Vance,Halbrook Basin,80000,1319,3A,False,magnet/technical,Falcons,Arrieta Intercity Conference,new
St. Martin Preparatory,Greaves,Vance,Halbrook Basin,80000,1043,3A,True,private/independent,Loggers,Arrieta Intercity Conference,new
Viktor Gromov,Greaves,Vance,Halbrook Basin,80000,1834,5A,False,namesake,Foxes,Arrieta Intercity Conference,new
Northrup,Northrup,Vance,Halbrook Basin,70000,1321,3A,False,city flagship,Marlins,Arrieta Intercity Conference,new
Aitor Zubieta,Belyakov,Vance,Halbrook Basin,950000,2156,5A,False,namesake,Vikings,Basin Cities League,new
Belyakov Agricultural Sciences Academy,Belyakov,Vance,Halbrook Basin,950000,2258,6A,False,magnet/technical,Falcons,Basin Cities League,new
Belyakov Depot High,Belyakov,Vance,Halbrook Basin,950000,1940,5A,False,district/neighborhood,Falcons,Basin Cities League,new
Abraham Lincoln,Belyakov,Vance,Halbrook Basin,950000,2260,6A,False,magnet/technical,Pilots,Basin Cities League,new
Carmen Cordero,Belyakov,Vance,Halbrook Basin,950000,2220,6A,False,namesake,Knights,Basin Cities League,new
Mikhail Sidorov,Belyakov,Vance,Halbrook Basin,950000,3071,7A,False,namesake,Marlins,Basin Cities League,new
Orchard Gate,Belyakov,Vance,Halbrook Basin,950000,3155,7A,False,district/neighborhood,Ravens,Basin Cities League,new
Archbishop Valois,Belyakov,Vance,Halbrook Basin,950000,2953,7A,False,namesake,Bison,Basin Cities League,new
Yelena Belov,Belyakov,Vance,Halbrook Basin,950000,2494,6A,False,namesake,Railers,Basin Cities League,new
Cañada Grande,Cañada Grande,Vance,Halbrook Basin,100000,1975,5A,False,city flagship,Steelheads,Cañada Grande Industrial Athletic Association,new
Itziar Lertxundi,Cañada Grande,Vance,Halbrook Basin,100000,1590,4A,False,namesake,Wolves,Cañada Grande Industrial Athletic Association,new
Mater Dei,Cañada Grande,Vance,Halbrook Basin,100000,2571,6A,False,namesake,Mavericks,Cañada Grande Industrial Athletic Association,new
St. Gabriel Academy,Cañada Grande,Vance,Halbrook Basin,100000,1064,3A,True,private/independent,Spartans,Cañada Grande Industrial Athletic Association,new
Emerson,Emerson,Halbrook,Halbrook Basin,90000,1432,4A,False,city flagship,Timberwolves,Cañada Grande Industrial Athletic Association,new
Lorraine Hart,Starlight,Halbrook,Halbrook Basin,100000,1747,4A,False,namesake,Mustangs,Cañada Grande Industrial Athletic Association,new
Nicolás Villalba,Starlight,Halbrook,Halbrook Basin,100000,1945,5A,False,namesake,Coyotes,Cañada Grande Industrial Athletic Association,new
Starlight,Starlight,Halbrook,Halbrook Basin,100000,1818,5A,False,city flagship,Trojans,Cañada Grande Industrial Athletic Association,new
Starlight Science,Starlight,Halbrook,Halbrook Basin,100000,1689,4A,False,magnet/technical,Condors,Cañada Grande Industrial Athletic Association,new
Arrieta,Arrieta,Halbrook,Halbrook Basin,80000,1203,3A,False,city flagship,Lancers,Emerson Metropolitan League,new
Arrieta Treasure Valley,Arrieta,Halbrook,Halbrook Basin,80000,1658,4A,False,district/neighborhood,Condors,Emerson Metropolitan League,new
Lucía Villaseñor,Emerson,Halbrook,Halbrook Basin,90000,1470,4A,False,namesake,Coyotes,Emerson Metropolitan League,new
Paul Robeson,Emerson,Halbrook,Halbrook Basin,90000,1552,4A,False,namesake,Panthers,Emerson Metropolitan League,new
Yuri Chernov,Emerson,Halbrook,Halbrook Basin,90000,2027,5A,False,namesake,Timberwolves,Emerson Metropolitan League,new
Beatriz Salcedo,Zubieta,Vance,Halbrook Basin,90000,1658,4A,False,namesake,Steelheads,Emerson Metropolitan League,new
Zubieta,Zubieta,Vance,Halbrook Basin,90000,1695,4A,False,city flagship,Knights,Emerson Metropolitan League,new
Zubieta Manufacturing and Technology Academy,Zubieta,Vance,Halbrook Basin,90000,1593,4A,False,magnet/technical,Trojans,Emerson Metropolitan League,new
Zubieta River Plain,Zubieta,Vance,Halbrook Basin,90000,1533,4A,False,district/neighborhood,Pioneers,Emerson Metropolitan League,new
Adela Villaseñor,Caswell,Halbrook,Halbrook Basin,450000,3342,7A,False,namesake,Vikings,Foundry Conference,new
Cardinal Echevarria,Caswell,Halbrook,Halbrook Basin,450000,2627,7A,False,namesake,Marlins,Foundry Conference,new
Caswell,Caswell,Halbrook,Halbrook Basin,450000,3802,7A,False,city flagship,Stags,Foundry Conference,new
Cherry Hill,Caswell,Halbrook,Halbrook Basin,450000,3127,7A,True,private/independent,Hawks,Foundry Conference,new
Cherry Hill North,Caswell,Halbrook,Halbrook Basin,450000,3336,7A,False,district/neighborhood,Bears,Foundry Conference,new
Cherry Hill South,Caswell,Halbrook,Halbrook Basin,450000,2855,7A,False,district/neighborhood,Bears,Foundry Conference,new
Andrew Jackson,Caswell,Halbrook,Halbrook Basin,450000,3561,7A,False,magnet/technical,Spartans,Foundry Conference,new
Caswell West,Caswell,Halbrook,Halbrook Basin,450000,2444,6A,True,private/independent,Firebirds,Foundry Conference,new
Salvador Montalvo,Caswell,Halbrook,Halbrook Basin,450000,3236,7A,False,namesake,Marlins,Foundry Conference,new
Tatiana Moroz,Caswell,Halbrook,Halbrook Basin,450000,4070,7A,False,namesake,Hawks,Foundry Conference,new
Amaia Echevarria,Echevarria,Vance,Halbrook Basin,280000,2394,6A,False,namesake,Mavericks,Gateway League,new
Echevarria,Echevarria,Vance,Halbrook Basin,280000,2473,6A,False,city flagship,Stags,Gateway League,new
Echevarria North,Echevarria,Vance,Halbrook Basin,280000,2528,6A,False,district/neighborhood,Pelicans,Gateway League,new
Echevarria South,Echevarria,Vance,Halbrook Basin,280000,1963,5A,False,district/neighborhood,Ravens,Gateway League,new
William McKinley,Echevarria,Vance,Halbrook Basin,280000,1617,4A,False,magnet/technical,Ravens,Gateway League,new
Harold Tillman,Echevarria,Vance,Halbrook Basin,280000,2631,7A,False,namesake,Timberwolves,Gateway League,new
Echevarria Central,Echevarria,Vance,Halbrook Basin,280000,2354,6A,False,namesake,Loggers,Gateway League,new
Mae Jemison,Echevarria,Vance,Halbrook Basin,280000,2008,5A,False,namesake,Bears,Gateway League,new
St. Elias College Prep,Echevarria,Vance,Halbrook Basin,280000,1240,3A,True,private/independent,Vikings,Gateway League,new
St. Raphael Preparatory,Echevarria,Vance,Halbrook Basin,280000,953,2A,True,private/independent,Marlins,Gateway League,new
Andrés Ibarra,Belmonte,Halbrook,Halbrook Basin,1100000,2908,7A,False,namesake,Coyotes,I-50 Metro Conference,new
Belmonte East,Belmonte,Halbrook,Halbrook Basin,1100000,2364,6A,False,magnet/technical,Spartans,I-50 Metro Conference,new
Belmonte Collegiate Academy,Belmonte,Halbrook,Halbrook Basin,1100000,1399,3A,True,private/independent,Pelicans,I-50 Metro Conference,new
Belmonte West,Belmonte,Halbrook,Halbrook Basin,1100000,2697,7A,False,magnet/technical,Timberwolves,I-50 Metro Conference,new
Belmonte River Plain,Belmonte,Halbrook,Halbrook Basin,1100000,2217,6A,False,district/neighborhood,Coyotes,I-50 Metro Conference,new
I-50 Technical,Belmonte,Halbrook,Halbrook Basin,1100000,2849,7A,False,district/neighborhood,Panthers,I-50 Metro Conference,new
Sandra Day O'Connor,Belmonte,Halbrook,Halbrook Basin,1100000,3395,7A,False,namesake,Panthers,I-50 Metro Conference,new
Miren Elorriaga,Belmonte,Halbrook,Halbrook Basin,1100000,2466,6A,False,namesake,Ravens,I-50 Metro Conference,new
Nicolás Ordoñez,Belmonte,Halbrook,Halbrook Basin,1100000,2514,6A,False,namesake,Condors,I-50 Metro Conference,new
Bayard Rustin,Belyakov,Vance,Halbrook Basin,950000,2376,6A,False,namesake,Lancers,Intermountain Athletic Conference,new
Belyakov South,Belyakov,Vance,Halbrook Basin,950000,2284,6A,False,magnet/technical,Vikings,Intermountain Athletic Conference,new
Belyakov East,Belyakov,Vance,Halbrook Basin,950000,3154,7A,False,district/neighborhood,Miners,Intermountain Athletic Conference,new
Belyakov Manufacturing and Technology Academy,Belyakov,Vance,Halbrook Basin,950000,2498,6A,False,magnet/technical,Vikings,Intermountain Athletic Conference,new
Belyakov River Plain,Belyakov,Vance,Halbrook Basin,950000,2909,7A,False,district/neighborhood,Trojans,Intermountain Athletic Conference,new
Belyakov Technical,Belyakov,Vance,Halbrook Basin,950000,1919,5A,False,magnet/technical,Condors,Intermountain Athletic Conference,new
Dorothy Height,Belyakov,Vance,Halbrook Basin,950000,2331,6A,False,namesake,Bears,Intermountain Athletic Conference,new
José Martí,Belyakov,Vance,Halbrook Basin,950000,3067,7A,False,namesake,Coyotes,Intermountain Athletic Conference,new
Unai Etxeberria,Belyakov,Vance,Halbrook Basin,950000,2154,5A,False,namesake,Foxes,Intermountain Athletic Conference,new
Belmonte,Belmonte,Halbrook,Halbrook Basin,1100000,2650,7A,False,city flagship,Vikings,Jefferson-Idaho Conference,new
Belmonte International,Belmonte,Halbrook,Halbrook Basin,1100000,2655,7A,False,magnet/technical,Ravens,Jefferson-Idaho Conference,new
Benjamin Banneker,Belmonte,Halbrook,Halbrook Basin,1100000,3088,7A,False,namesake,Foxes,Jefferson-Idaho Conference,new
Elena Mendoza,Belmonte,Halbrook,Halbrook Basin,1100000,3060,7A,False,namesake,Trojans,Jefferson-Idaho Conference,new
Javier Alvarado,Belmonte,Halbrook,Halbrook Basin,1100000,3108,7A,False,namesake,Miners,Jefferson-Idaho Conference,new
River Plain,Belmonte,Halbrook,Halbrook Basin,1100000,2501,6A,False,district/neighborhood,Navigators,Jefferson-Idaho Conference,new
Rosa Castañeda,Belmonte,Halbrook,Halbrook Basin,1100000,2380,6A,False,namesake,Coyotes,Jefferson-Idaho Conference,new
St. Lucia Academy,Belmonte,Halbrook,Halbrook Basin,1100000,1494,4A,True,private/independent,Wolves,Jefferson-Idaho Conference,new
Yelena Sokolov,Belmonte,Halbrook,Halbrook Basin,1100000,2204,6A,False,namesake,Vikings,Jefferson-Idaho Conference,new
Anya Belov,Llerena,Halbrook,Halbrook Basin,380000,3180,7A,False,namesake,Firebirds,Llerena Union Conference,new
Ella Baker,Llerena,Halbrook,Halbrook Basin,380000,2734,7A,False,namesake,Engineers,Llerena Union Conference,new
Javier Cárdenas,Llerena,Halbrook,Halbrook Basin,380000,2848,7A,False,namesake,Navigators,Llerena Union Conference,new
Alonso Villalba,Llerena,Halbrook,Halbrook Basin,380000,2418,6A,False,namesake,Pilots,Llerena Union Conference,new
Llerena,Llerena,Halbrook,Halbrook Basin,380000,3490,7A,False,city flagship,Knights,Llerena Union Conference,new
Llerena North,Llerena,Halbrook,Halbrook Basin,380000,2828,7A,False,magnet/technical,Titans,Llerena Union Conference,new
Llerena South,Llerena,Halbrook,Halbrook Basin,380000,2095,5A,False,magnet/technical,Miners,Llerena Union Conference,new
St. Brigid Preparatory,Llerena,Halbrook,Halbrook Basin,380000,1586,4A,True,private/independent,Foxes,Llerena Union Conference,new
Viktor Kareva,Llerena,Halbrook,Halbrook Basin,380000,3554,7A,False,namesake,Foxes,Llerena Union Conference,new
West Bench,Llerena,Halbrook,Halbrook Basin,380000,2626,7A,False,district/neighborhood,Bears,Llerena Union Conference,new
Edith Tillman,Madrigal,Halbrook,Halbrook Basin,120000,1376,3A,False,namesake,Steelheads,Madrigal Heritage Athletic Association,new
Javier Castañeda,Madrigal,Halbrook,Halbrook Basin,120000,1252,3A,False,namesake,Owls,Madrigal Heritage Athletic Association,new
Lucía Quiñones,Madrigal,Halbrook,Halbrook Basin,120000,1211,3A,False,namesake,Titans,Madrigal Heritage Athletic Association,new
Madrigal,Madrigal,Halbrook,Halbrook Basin,120000,1911,5A,False,city flagship,Ospreys,Madrigal Heritage Athletic Association,new
Madrigal Maritime Academy,Madrigal,Halbrook,Halbrook Basin,120000,1546,4A,False,magnet/technical,Wolves,Madrigal Heritage Athletic Association,new
Madrigal West Bench,Madrigal,Halbrook,Halbrook Basin,120000,1343,3A,False,district/neighborhood,Owls,Madrigal Heritage Athletic Association,new
Western Sky,Northrup,Vance,Halbrook Basin,70000,1518,4A,False,namesake,Ravens,Northrup Regional Athletic Association,new
Northrup I-50 Technical,Northrup,Vance,Halbrook Basin,70000,1506,4A,False,district/neighborhood,Ospreys,Northrup Regional Athletic Association,new
St. Martin High School,Northrup,Vance,Halbrook Basin,70000,695,2A,True,private/independent,Eagles,Northrup Regional Athletic Association,new
Ainhoa Mendizabal,Simmons,Vance,Halbrook Basin,70000,1448,4A,False,namesake,Timberwolves,Northrup Regional Athletic Association,new
Oksana Petrov,Simmons,Vance,Halbrook Basin,70000,1072,3A,False,namesake,Condors,Northrup Regional Athletic Association,new
Ander Arrieta,Weissburg,Halbrook,Halbrook Basin,70000,1503,4A,False,namesake,Lancers,Northrup Regional Athletic Association,new
Ralph Bellamy,Weissburg,Halbrook,Halbrook Basin,70000,1500,4A,False,namesake,Comets,Northrup Regional Athletic Association,new
Sergei Petrenko,Weissburg,Halbrook,Halbrook Basin,70000,993,2A,False,namesake,Navigators,Northrup Regional Athletic Association,new
Weissburg,Weissburg,Halbrook,Halbrook Basin,70000,1043,3A,False,city flagship,Loggers,Northrup Regional Athletic Association,new
Amaia Etxeberria,Carden City,Vance,Halbrook Basin,120000,1911,5A,False,namesake,Sentinels,Orchard Valley League,new
Beatriz Mendoza,Carden City,Vance,Halbrook Basin,120000,1347,3A,False,namesake,Titans,Orchard Valley League,new
Carden City,Carden City,Vance,Halbrook Basin,120000,1708,4A,False,city flagship,Stags,Orchard Valley League,new
Carden City West Bench,Carden City,Vance,Halbrook Basin,120000,1194,3A,False,district/neighborhood,Wolves,Orchard Valley League,new
Opal Tillman,Carden City,Vance,Halbrook Basin,120000,1446,4A,False,namesake,Falcons,Orchard Valley League,new
St. Casimir Carden City,Carden City,Vance,Halbrook Basin,120000,1033,3A,True,private/independent,Eagles,Orchard Valley League,new
Alina Antonov,Orellana,Vance,Halbrook Basin,320000,2051,5A,False,namesake,Timberwolves,Orellana Pioneer League,new
Canal View,Orellana,Vance,Halbrook Basin,320000,2646,7A,False,district/neighborhood,Spartans,Orellana Pioneer League,new
James K. Polk,Orellana,Vance,Halbrook Basin,320000,2358,6A,False,namesake,Jaguars,Orellana Pioneer League,new
Lev Kareva,Orellana,Vance,Halbrook Basin,320000,2293,6A,False,namesake,Sentinels,Orellana Pioneer League,new
Mikel Elorriaga,Orellana,Vance,Halbrook Basin,320000,1810,5A,False,namesake,Stags,Orellana Pioneer League,new
Orellana,Orellana,Vance,Halbrook Basin,320000,2023,5A,False,city flagship,Miners,Orellana Pioneer League,new
Orellana Canal View,Orellana,Vance,Halbrook Basin,320000,2473,6A,False,district/neighborhood,Mustangs,Orellana Pioneer League,new
Orellana North,Orellana,Vance,Halbrook Basin,320000,2859,7A,False,district/neighborhood,Steelheads,Orellana Pioneer League,new
Orellana South,Orellana,Vance,Halbrook Basin,320000,2078,5A,False,magnet/technical,Firebirds,Orellana Pioneer League,new
Orellana Treasure Valley,Orellana,Vance,Halbrook Basin,320000,2450,6A,False,district/neighborhood,Panthers,Orellana Pioneer League,new
Benton Cross,Benton Cross,Halbrook,Halbrook Basin,15000,552,1A,False,city flagship,Falcons,Pomar Central Conference,new
Walter Davenport,Benton Cross,Halbrook,Halbrook Basin,15000,528,1A,False,namesake,Jaguars,Pomar Central Conference,new
Berrio,Berrio,Halbrook,Halbrook Basin,10000,720,2A,False,city flagship,Bison,Pomar Central Conference,new
Carmina,Carmina,Vance,Halbrook Basin,10000,720,2A,False,city flagship,Pioneers,Pomar Central Conference,new
Eagleton,Eagleton,Vance,Halbrook Basin,15000,484,1A,False,city flagship,Lancers,Pomar Central Conference,new
Eagleton West,Eagleton,Vance,Halbrook Basin,15000,596,1A,False,magnet/technical,Condors,Pomar Central Conference,new
Greaves Junction,Greaves Junction,Halbrook,Halbrook Basin,12000,501,1A,False,city flagship,Knights,Pomar Central Conference,new
Greaves Junction South,Greaves Junction,Halbrook,Halbrook Basin,12000,363,1A,False,district/neighborhood,Bison,Pomar Central Conference,new
Meridia,Meridia,Vance,Halbrook Basin,12000,436,1A,False,city flagship,Steelheads,Pomar Central Conference,new
Meridia Manufacturing and Technology Academy,Meridia,Vance,Halbrook Basin,12000,428,1A,False,magnet/technical,Bears,Pomar Central Conference,new
St. Francis Xavier College Prep,Pomar,Halbrook,Halbrook Basin,18000,406,1A,True,private/independent,Pioneers,Pomar Central Conference,new
Starlake,Starlake,Vance,Halbrook Basin,18000,528,1A,False,city flagship,Pelicans,Pomar Central Conference,new
Starlake Canal View,Starlake,Vance,Halbrook Basin,18000,768,2A,False,district/neighborhood,Owls,Pomar Central Conference,new
Beatriz Zamora,Serrano,Halbrook,Halbrook Basin,320000,2344,6A,False,namesake,Steelheads,Serrano Civic Conference,new
Bellarmine Prep,Serrano,Halbrook,Halbrook Basin,320000,2131,5A,False,namesake,Firebirds,Serrano Civic Conference,new
Edith Mercer,Serrano,Halbrook,Halbrook Basin,320000,2446,6A,False,namesake,Engineers,Serrano Civic Conference,new
Inés Valera,Serrano,Halbrook,Halbrook Basin,320000,2223,6A,False,namesake,Engineers,Serrano Civic Conference,new
Nicolás Salcedo,Serrano,Halbrook,Halbrook Basin,320000,2348,6A,False,namesake,Falcons,Serrano Civic Conference,new
Romare Bearden,Serrano,Halbrook,Halbrook Basin,320000,1678,4A,False,namesake,Mustangs,Serrano Civic Conference,new
Serrano,Serrano,Halbrook,Halbrook Basin,320000,2681,7A,False,city flagship,Stags,Serrano Civic Conference,new
Serrano North,Serrano,Halbrook,Halbrook Basin,320000,2538,6A,False,magnet/technical,Mustangs,Serrano Civic Conference,new
Serrano South,Serrano,Halbrook,Halbrook Basin,320000,2779,7A,False,district/neighborhood,Spartans,Serrano Civic Conference,new
St. Isidore Academy,Serrano,Halbrook,Halbrook Basin,320000,1871,5A,True,private/independent,Pelicans,Serrano Civic Conference,new
Ketanji Brown Jackson,Belmonte,Halbrook,Halbrook Basin,1100000,2932,7A,False,namesake,Vikings,Snake Plain League,new
Belmonte North,Belmonte,Halbrook,Halbrook Basin,1100000,2645,7A,False,magnet/technical,Jaguars,Snake Plain League,new
Belmonte South,Belmonte,Halbrook,Halbrook Basin,1100000,2827,7A,False,magnet/technical,Engineers,Snake Plain League,new
James Madison,Belmonte,Halbrook,Halbrook Basin,1100000,2987,7A,False,magnet/technical,Comets,Snake Plain League,new
Woodrow Wilson,Belmonte,Halbrook,Halbrook Basin,1100000,2689,7A,False,magnet/technical,Stags,Snake Plain League,new
Depot High,Belmonte,Halbrook,Halbrook Basin,1100000,2847,7A,False,district/neighborhood,Sentinels,Snake Plain League,new
Jon Etxeberria,Belmonte,Halbrook,Halbrook Basin,1100000,3124,7A,False,namesake,Falcons,Snake Plain League,new
Leire Garmendia,Belmonte,Halbrook,Halbrook Basin,1100000,2572,6A,False,namesake,Railers,Snake Plain League,new
Nerea Mendizabal,Belmonte,Halbrook,Halbrook Basin,1100000,2504,6A,False,namesake,Titans,Snake Plain League,new
Shirley Chisholm,Belmonte,Halbrook,Halbrook Basin,1100000,2080,5A,False,namesake,Sentinels,Snake Plain League,new
St. Basil Academy,Belmonte,Halbrook,Halbrook Basin,1100000,1070,3A,True,private/independent,Hawks,Snake Plain League,new
St. Ignatius,Belmonte,Halbrook,Halbrook Basin,1100000,1607,4A,True,private/independent,Pioneers,Snake Plain League,new
Treasure Valley,Belmonte,Halbrook,Halbrook Basin,1100000,3365,7A,False,district/neighborhood,Bears,Snake Plain League,new
Drayfield Foundry High,Drayfield,Vance,Halbrook Basin,52259,1254,3A,False,district/neighborhood,Railers,Tolland Western League,new
Homecroft,Homecroft,Vance,Halbrook Basin,50000,1635,4A,False,city flagship,Loggers,Tolland Western League,new
Homecroft Manufacturing and Technology Academy,Homecroft,Vance,Halbrook Basin,50000,967,2A,False,magnet/technical,Owls,Tolland Western League,new
Cardinal Newman,Homecroft,Vance,Halbrook Basin,50000,997,2A,False,namesake,Spartans,Tolland Western League,new
Pomar,Pomar,Halbrook,Halbrook Basin,18000,890,2A,False,city flagship,Grizzlies,Tolland Western League,new
Garazi Mendizabal,Tolland,Vance,Halbrook Basin,60000,1358,3A,False,namesake,Bison,Tolland Western League,new
St. Jerome High School,Tolland,Vance,Halbrook Basin,60000,987,2A,True,private/independent,Engineers,Tolland Western League,new
Tolland,Tolland,Vance,Halbrook Basin,60000,1023,3A,False,city flagship,Sentinels,Tolland Western League,new
Walter Browne,Tolland,Vance,Halbrook Basin,60000,952,2A,False,namesake,Engineers,Tolland Western League,new
Aitor Echevarria,Aldecoa,Vance,Halbrook Basin,250000,2304,6A,False,namesake,Bison,Treasure Valley League,new
Aldecoa,Aldecoa,Vance,Halbrook Basin,250000,2049,5A,False,city flagship,Pilots,Treasure Valley League,new
Aldecoa North,Aldecoa,Vance,Halbrook Basin,250000,1888,5A,False,magnet/technical,Hawks,Treasure Valley League,new
Aldecoa South,Aldecoa,Vance,Halbrook Basin,250000,2289,6A,False,magnet/technical,Spartans,Treasure Valley League,new
Ulysses Grant,Aldecoa,Vance,Halbrook Basin,250000,1892,5A,False,district/neighborhood,Bison,Treasure Valley League,new
Esteban Téllez,Aldecoa,Vance,Halbrook Basin,250000,1457,4A,False,namesake,Falcons,Treasure Valley League,new
Fannie Lou Hamer,Aldecoa,Vance,Halbrook Basin,250000,1545,4A,False,namesake,Marlins,Treasure Valley League,new
Pope Leo XIV,Aldecoa,Vance,Halbrook Basin,250000,1521,4A,False,namesake,Mavericks,Treasure Valley League,new
Pavel Kovalenko,Aldecoa,Vance,Halbrook Basin,250000,1813,5A,False,namesake,Timberwolves,Treasure Valley League,new
St. Catherine College Prep,Aldecoa,Vance,Halbrook Basin,250000,1241,3A,True,private/independent,Mavericks,Treasure Valley League,new
Amalia Escobedo,Belyakov,Vance,Halbrook Basin,950000,3061,7A,False,namesake,Bears,West Bench Conference,new
Anya Orlov,Belyakov,Vance,Halbrook Basin,950000,2914,7A,False,namesake,Miners,West Bench Conference,new
Belyakov,Belyakov,Vance,Halbrook Basin,950000,2116,5A,False,city flagship,Foxes,West Bench Conference,new
Belyakov North,Belyakov,Vance,Halbrook Basin,950000,3172,7A,False,magnet/technical,Miners,West Bench Conference,new
Belyakov West,Belyakov,Vance,Halbrook Basin,950000,3165,7A,False,magnet/technical,Pelicans,West Bench Conference,new
Theodore Roosevelt,Belyakov,Vance,Halbrook Basin,950000,2268,6A,False,magnet/technical,Hawks,West Bench Conference,new
Lorraine Calder,Belyakov,Vance,Halbrook Basin,950000,1866,5A,False,namesake,Loggers,West Bench Conference,new
Mila Chernov,Belyakov,Vance,Halbrook Basin,950000,2891,7A,False,namesake,Engineers,West Bench Conference,new
St. Agnes Academy,Belyakov,Vance,Halbrook Basin,950000,1749,4A,True,private/independent,Spartans,West Bench Conference,new
Breakwater,Fort Meriwether,Weller,Harborline,210000,2942,7A,False,district/neighborhood,Coyotes,Admiralty League,new
Fort Meriwether,Fort Meriwether,Weller,Harborline,210000,2737,7A,False,city flagship,Firebirds,Admiralty League,new
Fort Meriwether Breakwater,Fort Meriwether,Weller,Harborline,210000,2004,5A,False,district/neighborhood,Spartans,Admiralty League,new
Fort Meriwether Foundry High,Fort Meriwether,Weller,Harborline,210000,2748,7A,False,district/neighborhood,Owls,Admiralty League,new
Fort Meriwether School of Public Service,Fort Meriwether,Weller,Harborline,210000,2259,6A,False,magnet/technical,Mustangs,Admiralty League,new
Klara Marchand,Fort Meriwether,Weller,Harborline,210000,2430,6A,False,namesake,Lancers,Admiralty League,new
Lev Volkov,Newark River,Weller,Harborline,60029,1081,3A,False,namesake,Loggers,Breakwater League,new
Emilia Jansen,San Dámaso,Bidwell,Harborline,82000,1159,3A,False,namesake,Titans,Breakwater League,new
Pacific Gate,San Dámaso,Bidwell,Harborline,82000,1972,5A,False,district/neighborhood,Navigators,Breakwater League,new
San Dámaso,San Dámaso,Bidwell,Harborline,82000,1533,4A,False,city flagship,Sentinels,Breakwater League,new
San Dámaso Harbor Gate,San Dámaso,Bidwell,Harborline,82000,1240,3A,False,district/neighborhood,Owls,Breakwater League,new
Elena Markov,Wales City,Weller,Harborline,68000,1081,3A,False,namesake,Navigators,Breakwater League,new
Katherine Bellamy,Wales City,Weller,Harborline,68000,1374,3A,False,namesake,Railers,Breakwater League,new
Renata Adler,Wales City,Weller,Harborline,68000,1084,3A,False,namesake,Comets,Breakwater League,new
Wales City,Wales City,Weller,Harborline,68000,1358,3A,False,city flagship,Grizzlies,Breakwater League,new
George Washington,Port Veles,Bidwell,Harborline,1200000,3416,7A,False,namesake,Loggers,Coastal Metro Conference,new
Beacon Hill,Port Veles,Bidwell,Harborline,1200000,2980,7A,False,district/neighborhood,Knights,Coastal Metro Conference,new
James Monroe,Port Veles,Bidwell,Harborline,1200000,2555,6A,False,namesake,Pioneers,Coastal Metro Conference,new
Janice Davenport,Port Veles,Bidwell,Harborline,1200000,3233,7A,False,namesake,Bison,Coastal Metro Conference,new
Rutherford B. Hayes,Port Veles,Bidwell,Harborline,1200000,2618,7A,False,namesake,Pioneers,Coastal Metro Conference,new
Grover Cleveland,Port Veles,Bidwell,Harborline,1200000,2749,7A,False,namesake,Stags,Coastal Metro Conference,new
Port Veles South,Port Veles,Bidwell,Harborline,1200000,2682,7A,False,magnet/technical,Pioneers,Coastal Metro Conference,new
Port Veles Foundry High,Port Veles,Bidwell,Harborline,1200000,1948,5A,False,district/neighborhood,Condors,Coastal Metro Conference,new
Port Veles Health Sciences Academy,Port Veles,Bidwell,Harborline,1200000,2001,5A,False,magnet/technical,Grizzlies,Coastal Metro Conference,new
Aleksandr Lebedev,Port Veles,Bidwell,Harborline,1200000,3189,7A,False,namesake,Bison,Harbor Cities League,new
Port Veles Episcopal,Port Veles,Bidwell,Harborline,1200000,2063,5A,False,namesake,Firebirds,Harbor Cities League,new
Harbor Gate,Port Veles,Bidwell,Harborline,1200000,3257,7A,False,district/neighborhood,Railers,Harbor Cities League,new
Port Veles North,Port Veles,Bidwell,Harborline,1200000,2625,7A,False,magnet/technical,Grizzlies,Harbor Cities League,new
Port Veles International Academy,Port Veles,Bidwell,Harborline,1200000,973,2A,True,private/independent,Sentinels,Harbor Cities League,new
Barack Obama,Port Veles,Bidwell,Harborline,1200000,2939,7A,False,namesake,Marlins,Harbor Cities League,new
Veles Basin,Port Veles,Bidwell,Harborline,1200000,2784,7A,False,namesake,Miners,Harbor Cities League,new
Admiralty High,Santa Michaela,Bidwell,Harborline,320000,1955,5A,False,district/neighborhood,Spartans,Maritime Athletic Conference,new
Anneliese Ricci,Santa Michaela,Bidwell,Harborline,320000,2519,6A,False,namesake,Vikings,Maritime Athletic Conference,new
Hazel Bennett,Santa Michaela,Bidwell,Harborline,320000,2488,6A,False,namesake,Sentinels,Maritime Athletic Conference,new
Heritage Christian Academy,Santa Michaela,Bidwell,Harborline,320000,2891,7A,False,namesake,Condors,Maritime Athletic Conference,new
Jeannette Freeman,Santa Michaela,Bidwell,Harborline,320000,2525,6A,False,namesake,Comets,Maritime Athletic Conference,new
Nathaniel Moss,Santa Michaela,Bidwell,Harborline,320000,2007,5A,False,namesake,Spartans,Maritime Athletic Conference,new
Santa Michaela,Santa Michaela,Bidwell,Harborline,320000,1885,5A,False,city flagship,Miners,Maritime Athletic Conference,new
Santa Michaela Admiralty High,Santa Michaela,Bidwell,Harborline,320000,2602,7A,False,district/neighborhood,Trojans,Maritime Athletic Conference,new
Santa Michaela Harbor Gate,Santa Michaela,Bidwell,Harborline,320000,1995,5A,False,district/neighborhood,Trojans,Maritime Athletic Conference,new
Sacred Heart Cathedral,Santa Michaela,Bidwell,Harborline,320000,2171,5A,False,namesake,Panthers,Maritime Athletic Conference,new
Amelia Freeman,Port Veles,Bidwell,Harborline,1200000,3228,7A,False,namesake,Falcons,Pacific Gateway Conference,new
William Henry Harrison,Port Veles,Bidwell,Harborline,1200000,1938,5A,False,namesake,Miners,Pacific Gateway Conference,new
Gerald Ford,Port Veles,Bidwell,Harborline,1200000,2688,7A,False,namesake,Foxes,Pacific Gateway Conference,new
Port Veles,Port Veles,Bidwell,Harborline,1200000,2843,7A,False,city flagship,Mustangs,Pacific Gateway Conference,new
Seafarer High,Port Veles,Bidwell,Harborline,1200000,2555,6A,False,district/neighborhood,Owls,Pacific Gateway Conference,new
St. Elias,Port Veles,Bidwell,Harborline,1200000,1511,4A,True,private/independent,Sentinels,Pacific Gateway Conference,new
St. Vincent,Port Veles,Bidwell,Harborline,1200000,1762,4A,True,private/independent,Foxes,Pacific Gateway Conference,new
Veles Cove,Port Veles,Bidwell,Harborline,1200000,2005,5A,False,namesake,Owls,Pacific Gateway Conference,new
Veles Narrows,Port Veles,Bidwell,Harborline,1200000,2743,7A,False,namesake,Spartans,Pacific Gateway Conference,new
Bay Oregon,Alder Landing,Weller,Harborline,13491,486,1A,False,district/neighborhood,Grizzlies,Portside Conference,new
Bahía Azúl,Bahía Azúl,Weller,Harborline,7000,504,1A,False,city flagship,Foxes,Portside Conference,new
Cabo Esperanza,Cabo Esperanza,Weller,Harborline,25000,1120,3A,False,city flagship,Ravens,Portside Conference,new
Cabo Esperanza Technical Arts Academy,Cabo Esperanza,Weller,Harborline,25000,680,2A,False,magnet/technical,Timberwolves,Portside Conference,new
Fort Weller,Fort Weller,Weller,Harborline,42000,1104,3A,False,city flagship,Wolves,Portside Conference,new
Fort Weller Independent,Fort Weller,Weller,Harborline,42000,846,2A,True,private/independent,Owls,Portside Conference,new
Earl Warren,Fort Weller,Weller,Harborline,42000,1074,3A,False,namesake,Titans,Portside Conference,new
Hazel Hart,Los Maderos,Bidwell,Harborline,38000,793,2A,False,namesake,Eagles,Portside Conference,new
Los Maderos,Los Maderos,Bidwell,Harborline,38000,824,2A,False,city flagship,Pilots,Portside Conference,new
Maksim Karev,Los Maderos,Bidwell,Harborline,38000,1119,3A,False,namesake,Eagles,Portside Conference,new
Port Ainsley,Port Ainsley,Bidwell,Harborline,15000,717,2A,False,city flagship,Hawks,Portside Conference,new
St. Elias Academy,Port Ainsley,Bidwell,Harborline,15000,363,1A,True,private/independent,Lancers,Portside Conference,new
Tamarack Harbor Civic Leadership Academy,Tamarack Harbor,Weller,Harborline,20863,751,2A,False,magnet/technical,Titans,Portside Conference,new
Tule Admiralty High,Tule,Bidwell,Harborline,18551,668,2A,False,district/neighborhood,Railers,Portside Conference,new
Zachary Taylor,Port Veles,Bidwell,Harborline,1200000,3000,7A,False,namesake,Spartans,Shipwright League,new
Franklin Pierce,Port Veles,Bidwell,Harborline,1200000,2353,6A,False,namesake,Navigators,Shipwright League,new
Calvin Coolidge,Port Veles,Bidwell,Harborline,1200000,3100,7A,False,namesake,Firebirds,Shipwright League,new
Anton Sidorov,Port Veles,Bidwell,Harborline,1200000,2769,7A,False,namesake,Falcons,Shipwright League,new
Veles Harbor,Port Veles,Bidwell,Harborline,1200000,2999,7A,False,namesake,Comets,Shipwright League,new
Port Veles Civic Academy,Port Veles,Bidwell,Harborline,1200000,1557,4A,True,private/independent,Mavericks,Shipwright League,new
Port Veles Maritime Academy,Port Veles,Bidwell,Harborline,1200000,2333,6A,False,magnet/technical,Loggers,Shipwright League,new
Roscoe Bennett,Port Veles,Bidwell,Harborline,1200000,3371,7A,False,namesake,Owls,Shipwright League,new
St. Helena College Prep,Port Veles,Bidwell,Harborline,1200000,1633,4A,True,private/independent,Loggers,Shipwright League,new
Gordon Parks,Navrang,Rimrock,Juniper Highlands,70000,1266,3A,False,namesake,Stags,High Basin League,new
Juniper Ridge,Navrang,Rimrock,Juniper Highlands,70000,1259,3A,False,district/neighborhood,Steelheads,High Basin League,new
Sinkford,Navrang,Rimrock,Juniper Highlands,70000,1037,3A,False,namesake,Navigators,High Basin League,new
Edith Ward,Telfair,Rimrock,Juniper Highlands,65000,1312,3A,False,namesake,Navigators,High Basin League,new
Telfair,Telfair,Rimrock,Juniper Highlands,65000,1180,3A,False,city flagship,Panthers,High Basin League,new
Telfair Country Day,Telfair,Rimrock,Juniper Highlands,65000,885,2A,True,private/independent,Spartans,High Basin League,new
Tomás Mendoza,Telfair,Rimrock,Juniper Highlands,65000,1304,3A,False,namesake,Condors,High Basin League,new
Ruby Cross,Vesper,Rimrock,Juniper Highlands,60000,1062,3A,False,namesake,Bison,High Basin League,new
Vesper,Vesper,Rimrock,Juniper Highlands,60000,1077,3A,False,city flagship,Bison,High Basin League,new
Calder,Calder,Rimrock,Juniper Highlands,90000,1583,4A,False,city flagship,Engineers,Juniper Metro Conference,new
Calder Aviation and Engineering Academy,Calder,Rimrock,Juniper Highlands,90000,1254,3A,False,magnet/technical,Falcons,Juniper Metro Conference,new
Calder School of Science and Industry,Calder,Rimrock,Juniper Highlands,90000,1816,5A,False,magnet/technical,Steelheads,Juniper Metro Conference,new
Nicolás Quiñones,Calder,Rimrock,Juniper Highlands,90000,1827,5A,False,namesake,Panthers,Juniper Metro Conference,new
Carroway,Carroway,Rimrock,Juniper Highlands,75000,969,2A,False,city flagship,Mavericks,Juniper Metro Conference,new
Carroway Public Service,Carroway,Rimrock,Juniper Highlands,75000,1355,3A,False,magnet/technical,Navigators,Juniper Metro Conference,new
Frances Gaines,Carroway,Rimrock,Juniper Highlands,75000,1547,4A,False,namesake,Lancers,Juniper Metro Conference,new
Katherine Whitaker,Carroway,Rimrock,Juniper Highlands,75000,1529,4A,False,namesake,Lancers,Juniper Metro Conference,new
Navrang,Navrang,Rimrock,Juniper Highlands,70000,1478,4A,False,city flagship,Marlins,Juniper Metro Conference,new
Altamonte,Altamonte,Juniper,Juniper Highlands,150000,2175,5A,False,city flagship,Ospreys,Plateau League,new
Altamonte Civic Leadership Academy,Altamonte,Juniper,Juniper Highlands,150000,1889,5A,False,magnet/technical,Mustangs,Plateau League,new
Altamonte School of Commerce,Altamonte,Juniper,Juniper Highlands,150000,1618,4A,False,magnet/technical,Marlins,Plateau League,new
Daniel Langston,Altamonte,Juniper,Juniper Highlands,150000,1573,4A,False,namesake,Steelheads,Plateau League,new
Itziar Elorriaga,Altamonte,Juniper,Juniper Highlands,150000,1961,5A,False,namesake,Eagles,Plateau League,new
Thelma Stokes,Altamonte,Juniper,Juniper Highlands,150000,1584,4A,False,namesake,Ravens,Plateau League,new
Cornerstone Christian,Clear Springs,Rimrock,Juniper Highlands,14833,534,1A,False,namesake,Navigators,Rim Country Conference,new
Dry Lake,Three Saints,Rimrock,Juniper Highlands,50000,1307,3A,False,district/neighborhood,Wolves,Rim Country Conference,new
Isabel Montalvo,Three Saints,Rimrock,Juniper Highlands,50000,1124,3A,False,namesake,Spartans,Rim Country Conference,new
Three Saints,Three Saints,Rimrock,Juniper Highlands,50000,1168,3A,False,city flagship,Pilots,Rim Country Conference,new
Salvador Figueroa,Vesper,Rimrock,Juniper Highlands,60000,1192,3A,False,namesake,Firebirds,Rim Country Conference,new
Vesper Polytechnic Institute,Vesper,Rimrock,Juniper Highlands,60000,989,2A,False,magnet/technical,Stags,Rim Country Conference,new
St. Raphael College Prep,Elk Bluff,Windrow,North Range,14749,531,1A,True,private/independent,Spartans,Sierra Basin Conference,new
Nerea Urrutia,Galena,Galena,North Range,16700,601,1A,False,namesake,Wolves,Sierra Basin Conference,new
Leire Zubieta,Fort Lassiter,Lodestone,North Range,16932,610,1A,False,namesake,Trojans,Sierra Basin Conference,new
St. Dominic Academy,Vonjo City,Windrow,North Range,19058,686,2A,True,private/independent,Timberwolves,Sierra Basin Conference,new
Emigrant Trail,Rostova Junction,Emigrant,Sage Plains,120000,1247,3A,False,district/neighborhood,Vikings,Crossroads Athletic Conference,new
Mikel Echevarria,Rostova Junction,Emigrant,Sage Plains,120000,1567,4A,False,namesake,Miners,Crossroads Athletic Conference,new
Mikel Garmendia,Rostova Junction,Emigrant,Sage Plains,120000,1399,3A,False,namesake,Comets,Crossroads Athletic Conference,new
Rostova Junction,Rostova Junction,Emigrant,Sage Plains,120000,1561,4A,False,city flagship,Pelicans,Crossroads Athletic Conference,new
Rostova Junction Technical Arts Academy,Rostova Junction,Emigrant,Sage Plains,120000,1747,4A,False,magnet/technical,Trojans,Crossroads Athletic Conference,new
St. Francis Xavier Preparatory,Rostova Junction,Emigrant,Sage Plains,120000,1119,3A,True,private/independent,Railers,Crossroads Athletic Conference,new
Aurelia,Aurelia,Emigrant,Sage Plains,80000,1424,4A,False,city flagship,Stags,Emigrant League,new
Aurelia Classical Academy,Aurelia,Emigrant,Sage Plains,80000,1352,3A,False,magnet/technical,Navigators,Emigrant League,new
Elena Petrenko,Aurelia,Emigrant,Sage Plains,80000,1560,4A,False,namesake,Steelheads,Emigrant League,new
Ruth Bader Ginsburg,Aurelia,Emigrant,Sage Plains,80000,1424,4A,False,namesake,Wolves,Emigrant League,new
Cordero Wells,Cordero Wells,Stagewater,Sage Plains,18000,939,2A,False,city flagship,Pilots,Emigrant League,new
St. Isidore College Prep,Cordero Wells,Stagewater,Sage Plains,18000,357,1A,True,private/independent,Firebirds,Emigrant League,new
Harrow,Harrow,Emigrant,Sage Plains,45000,1080,3A,False,city flagship,Spartans,Emigrant League,new
Harrow Design,Harrow,Emigrant,Sage Plains,45000,1287,3A,False,magnet/technical,Grizzlies,Emigrant League,new
St. Brigid,Harrow,Emigrant,Sage Plains,45000,873,2A,True,private/independent,Knights,Emigrant League,new
Agate,Agate,Emigrant,Sage Plains,5000,360,1A,False,city flagship,Firebirds,Frontier Metro Conference,new
Diamante,Diamante,Emigrant,Sage Plains,8000,576,1A,False,city flagship,Wolves,Frontier Metro Conference,new
Dovetail,Dovetail,Stagewater,Sage Plains,12000,467,1A,False,city flagship,Sentinels,Frontier Metro Conference,new
Marian Browne,Dovetail,Stagewater,Sage Plains,12000,397,1A,False,namesake,Miners,Frontier Metro Conference,new
Alina Belov,Rilland,Emigrant,Sage Plains,15000,655,2A,False,namesake,Engineers,Frontier Metro Conference,new
Rilland,Rilland,Emigrant,Sage Plains,15000,425,1A,False,city flagship,Condors,Frontier Metro Conference,new
San Vito,San Vito,Emigrant,Sage Plains,10000,720,2A,False,city flagship,Stags,Frontier Metro Conference,new
Garazi Aramburu,Lieksa,Emigrant,Sage Plains,13134,473,1A,False,namesake,Wolves,Frontier Metro Conference,new
Minnesota City,Minnesota City,Emigrant,Sage Plains,6000,432,1A,False,city flagship,Vikings,Frontier Metro Conference,new
Frontier High,Harriman,Emigrant,Sage Plains,450000,2854,7A,False,district/neighborhood,Railers,High Plains League,new
Harriman,Harriman,Emigrant,Sage Plains,450000,3792,7A,False,city flagship,Lancers,High Plains League,new
Harriman North,Harriman,Emigrant,Sage Plains,450000,4219,7A,False,magnet/technical,Eagles,High Plains League,new
John F. Kennedy,Harriman,Emigrant,Sage Plains,450000,4072,7A,False,magnet/technical,Pelicans,High Plains League,new
Homestead,Harriman,Emigrant,Sage Plains,450000,2970,7A,False,district/neighborhood,Ospreys,High Plains League,new
Katya Moroz,Harriman,Emigrant,Sage Plains,450000,3850,7A,False,namesake,Condors,High Plains League,new
Naomi Price,Harriman,Emigrant,Sage Plains,450000,2832,7A,False,namesake,Grizzlies,High Plains League,new
St. Casimir,Harriman,Emigrant,Sage Plains,450000,2763,7A,True,private/independent,Pilots,High Plains League,new
St. Michael Academy,Harriman,Emigrant,Sage Plains,450000,2970,7A,True,private/independent,Spartans,High Plains League,new
St. Teresa,Harriman,Emigrant,Sage Plains,450000,2077,5A,True,private/independent,Pilots,High Plains League,new
Fort Valois,Fort Valois,Stagewater,Sage Plains,200000,2265,6A,False,city flagship,Trojans,I-50 Plains Conference,new
Fort Valois North,Fort Valois,Stagewater,Sage Plains,200000,2459,6A,False,magnet/technical,Grizzlies,I-50 Plains Conference,new
Fort Valois Public Service,Fort Valois,Stagewater,Sage Plains,200000,2436,6A,False,magnet/technical,Eagles,I-50 Plains Conference,new
Galina Romanov,Fort Valois,Stagewater,Sage Plains,200000,2560,6A,False,namesake,Trojans,I-50 Plains Conference,new
Lev Voronin,Fort Valois,Stagewater,Sage Plains,200000,2332,6A,False,namesake,Steelheads,I-50 Plains Conference,new
Fort Valois Heights,Fort Valois,Stagewater,Sage Plains,200000,2349,6A,False,namesake,Mustangs,I-50 Plains Conference,new
Bahía Leal,Bahía Leal,San Marcos,South Coast,180000,1664,4A,False,city flagship,Bears,Bahía Athletic Conference,new
Housatonic,Bahía Leal,San Marcos,South Coast,180000,2403,6A,False,district/neighborhood,Engineers,Bahía Athletic Conference,new
Costa Verde,Bahía Leal,San Marcos,South Coast,180000,2635,7A,False,district/neighborhood,Firebirds,Bahía Athletic Conference,new
Isabel Lucero,Bahía Leal,San Marcos,South Coast,180000,1796,4A,False,namesake,Comets,Bahía Athletic Conference,new
James Gaines,Bahía Leal,San Marcos,South Coast,180000,2559,6A,False,namesake,Coyotes,Bahía Athletic Conference,new
Manuel Robles,Bahía Leal,San Marcos,South Coast,180000,1902,5A,False,namesake,Engineers,Bahía Athletic Conference,new
Alejandro Zamora,Puerto de los Reyes,San Marcos,South Coast,280000,2365,6A,False,namesake,Marlins,Costa Norte League,new
César Peralta,Puerto de los Reyes,San Marcos,South Coast,280000,1967,5A,False,namesake,Hawks,Costa Norte League,new
Janice Cole,Puerto de los Reyes,San Marcos,South Coast,280000,1488,4A,False,namesake,Bison,Costa Norte League,new
Archbishop Gregory,Puerto de los Reyes,San Marcos,South Coast,280000,2123,5A,False,namesake,Ravens,Costa Norte League,new
Puerto de los Reyes,Puerto de los Reyes,San Marcos,South Coast,280000,2193,5A,False,city flagship,Railers,Costa Norte League,new
Puerto de los Reyes Civic Leadership Academy,Puerto de los Reyes,San Marcos,South Coast,280000,2281,6A,False,magnet/technical,Knights,Costa Norte League,new
Puerto de los Reyes North,Puerto de los Reyes,San Marcos,South Coast,280000,1748,4A,False,magnet/technical,Bears,Costa Norte League,new
Puerto de los Reyes South,Puerto de los Reyes,San Marcos,South Coast,280000,1878,5A,False,magnet/technical,Ravens,Costa Norte League,new
Rosa Salcedo,Puerto de los Reyes,San Marcos,South Coast,280000,1990,5A,False,namesake,Spartans,Costa Norte League,new
Sofía Aranda,Puerto de los Reyes,San Marcos,South Coast,280000,2128,5A,False,namesake,Condors,Costa Norte League,new
Copperview Polytechnic Institute,Copperview,San Marcos,South Coast,14539,523,1A,False,magnet/technical,Marlins,Humboldt Bay League,new
Los Remolinos,Los Remolinos,San Marcos,South Coast,12000,504,1A,False,city flagship,Jaguars,Humboldt Bay League,new
Los Remolinos Mission Bay,Los Remolinos,San Marcos,South Coast,12000,360,1A,False,district/neighborhood,Owls,Humboldt Bay League,new
Amelia Whitaker,Puerto Gallego,San Marcos,South Coast,55000,1554,4A,False,namesake,Bison,Humboldt Bay League,new
Puerto Gallego,Puerto Gallego,San Marcos,South Coast,55000,1455,4A,False,city flagship,Engineers,Humboldt Bay League,new
Puerto Gallego Science,Puerto Gallego,San Marcos,South Coast,55000,951,2A,False,magnet/technical,Pelicans,Humboldt Bay League,new
Alejandro Salcedo,Punta del Águila,San Marcos,South Coast,18000,763,2A,False,namesake,Eagles,Humboldt Bay League,new
Punta del Águila,Punta del Águila,San Marcos,South Coast,18000,533,1A,False,city flagship,Foxes,Humboldt Bay League,new
San Benicio,San Benicio,San Marcos,South Coast,5000,360,1A,False,city flagship,Pioneers,Humboldt Bay League,new
Harlan Cole,Santa Cruz del Norte,San Marcos,South Coast,95000,1956,5A,False,namesake,Sentinels,Humboldt Bay League,new
Santa Cruz del Norte,Santa Cruz del Norte,San Marcos,South Coast,95000,1876,5A,False,city flagship,Stags,Humboldt Bay League,new
Winifred Ellison,Santa Cruz del Norte,San Marcos,South Coast,95000,1331,3A,False,namesake,Railers,Humboldt Bay League,new
Winifred Stokes,Santa Cruz del Norte,San Marcos,South Coast,95000,1676,4A,False,namesake,Jaguars,Humboldt Bay League,new
Our Lady of the Coast,Tallow,San Marcos,South Coast,14511,522,1A,False,namesake,Bison,Humboldt Bay League,new
Adela Robles,San Borondón,San Marcos,South Coast,850000,2883,7A,False,namesake,Railers,Mission Coast League,new
Claudette Cole,San Borondón,San Marcos,South Coast,850000,3482,7A,False,namesake,Bison,Mission Coast League,new
Daniel Gaines,San Borondón,San Marcos,South Coast,850000,3657,7A,False,namesake,Mavericks,Mission Coast League,new
Elena Petrov,San Borondón,San Marcos,South Coast,850000,2475,6A,False,namesake,Steelheads,Mission Coast League,new
Harold Williams,San Borondón,San Marcos,South Coast,850000,2607,7A,False,namesake,Bears,Mission Coast League,new
Mission Bay,San Borondón,San Marcos,South Coast,850000,2522,6A,False,district/neighborhood,Grizzlies,Mission Coast League,new
St. Sophia Preparatory,San Borondón,San Marcos,South Coast,850000,2139,5A,True,private/independent,Sentinels,Mission Coast League,new
Tatiana Chernov,San Borondón,San Marcos,South Coast,850000,2667,7A,False,namesake,Knights,Mission Coast League,new
Cardinal Mercier,San Borondón,San Marcos,South Coast,850000,3077,7A,False,namesake,Ospreys,Mission Coast League,new
San Borondón Heights,San Borondón,San Marcos,South Coast,850000,2210,6A,False,namesake,Owls,Pacifica Conference,new
Las Palmas,San Borondón,San Marcos,South Coast,850000,3735,7A,False,district/neighborhood,Vikings,Pacifica Conference,new
Naomi Langston,San Borondón,San Marcos,South Coast,850000,2869,7A,False,namesake,Steelheads,Pacifica Conference,new
Christian Brothers,San Borondón,San Marcos,South Coast,850000,3443,7A,False,namesake,Stags,Pacifica Conference,new
St. Jerome Academy,San Borondón,San Marcos,South Coast,850000,1704,4A,True,private/independent,Pilots,Pacifica Conference,new
St. Nicholas College Prep,San Borondón,San Marcos,South Coast,850000,1572,4A,True,private/independent,Bears,Pacifica Conference,new
George Nakashima,San Borondón,San Marcos,South Coast,850000,2253,6A,False,namesake,Hawks,Redwood Coast Conference,new
Redwood Coast,San Borondón,San Marcos,South Coast,850000,2575,6A,False,district/neighborhood,Mavericks,Redwood Coast Conference,new
San Borondón,San Borondón,San Marcos,South Coast,850000,3089,7A,False,city flagship,Pelicans,Redwood Coast Conference,new
San Borondón North,San Borondón,San Marcos,South Coast,850000,3064,7A,False,magnet/technical,Spartans,Redwood Coast Conference,new
San Borondón Civic Academy,San Borondón,San Marcos,South Coast,850000,1685,4A,True,private/independent,Pelicans,Redwood Coast Conference,new
San Borondón Country Day,San Borondón,San Marcos,South Coast,850000,1809,5A,True,private/independent,Loggers,Redwood Coast Conference,new
San Borondón South,San Borondón,San Marcos,South Coast,850000,2109,5A,False,magnet/technical,Jaguars,Redwood Coast Conference,new
Sergei Belov,San Borondón,San Marcos,South Coast,850000,2136,5A,False,namesake,Falcons,Redwood Coast Conference,new
St. Casimir Preparatory,San Borondón,San Marcos,South Coast,850000,1437,4A,True,private/independent,Pilots,Redwood Coast Conference,new
St. Helena,Aspen Meadows,Antler,Timber Valley,18574,669,2A,True,private/independent,Miners,Umpqua Valley League,new
Black Springs Classical Academy,Black Springs,Antler,Timber Valley,22142,797,2A,False,magnet/technical,Foxes,Umpqua Valley League,new
Gabriel Villaseñor,Blackpine,Antler,Timber Valley,82218,1656,4A,False,namesake,Wolves,Umpqua Valley League,new
Svenja Adler,Blackpine,Antler,Timber Valley,82218,1304,3A,False,namesake,Bison,Umpqua Valley League,new
Calvary Christian,Netherwood,Antler,Timber Valley,33052,793,2A,False,namesake,Pioneers,Umpqua Valley League,new
Mill Creek,Tamarack Flat,Antler,Timber Valley,20129,725,2A,False,district/neighborhood,Pioneers,Umpqua Valley League,new
Corey Canyon International,Corey Canyon,Antler,Timber Valley,14653,528,1A,False,magnet/technical,Owls,Umpqua Valley League,new
Astrid Bianchi,Yarburg,Antler,Timber Valley,12493,450,1A,False,namesake,Loggers,Umpqua Valley League,new
